{
  "version": "1.0.0",
  "trained_on": "2024-01-01",
  "feature_names": [
    "amount",
    "velocity_24h",
    "velocity_7d",
    "cross_border",
    "location_mismatch",
    "payment_method_risk",
    "chargebacks_12m",
    "customer_age_days",
    "loyalty_score",
    "time_since_last_purchase"
  ],
  "feature_importance": {
    "amount": 0.03689694404602051,
    "velocity_24h": 0.09366224706172943,
    "velocity_7d": 0.04688887670636177,
    "cross_border": 0.11325960606336594,
    "location_mismatch": 0.12296979874372482,
    "payment_method_risk": 0.030714774504303932,
    "chargebacks_12m": 0.45550593733787537,
    "customer_age_days": 0.03622858598828316,
    "loyalty_score": 0.03299572318792343,
    "time_since_last_purchase": 0.030877450481057167
  },
  "thresholds": {
    "amount": 500.0,
    "velocity_24h": 3.0,
    "cross_border": 0.5,
    "location_mismatch": 0.5,
    "payment_method_risk": 0.7,
    "chargebacks_12m": 1.0
  },
  "training_metrics": {
    "train_accuracy": 1.0,
    "test_accuracy": 0.97,
    "feature_count": 10
  }
}
